{"cameraMode":{"drawMode":0,"name":"Shaded","section":"Shading Mode"},"sceneLighting":true,"audioPlay":false,"sceneViewState":{"m_AlwaysRefresh":false,"showFog":true,"showSkybox":true,"showFlares":true,"showImageEffects":true,"showParticleSystems":true,"showVisualEffectGraphs":true,"m_FxEnabled":true},"in2DMode":false,"pivot":{"x":-0.7747215032577515,"y":-6.498557090759277,"z":6.246937274932861},"rotation":{"x":-0.4284786880016327,"y":0.0032503728289157154,"z":-0.0015413130167871714,"w":-0.9035488367080689},"size":4.223933696746826,"orthographic":false}