{"cameraMode":{"drawMode":0,"name":"Shaded","section":"Shading Mode"},"sceneLighting":true,"audioPlay":false,"sceneViewState":{"m_AlwaysRefresh":false,"showFog":true,"showSkybox":true,"showFlares":true,"showImageEffects":true,"showParticleSystems":true,"showVisualEffectGraphs":true,"m_FxEnabled":true},"in2DMode":false,"pivot":{"x":0.49196434020996096,"y":-4.9793925285339359,"z":7.582249641418457},"rotation":{"x":-0.31167054176330569,"y":-0.0862177237868309,"z":0.028409969061613084,"w":-0.9458478093147278},"size":3.389500141143799,"orthographic":false}