{"cameraMode":{"drawMode":0,"name":"Shaded","section":"Shading Mode"},"sceneLighting":true,"audioPlay":false,"sceneViewState":{"m_AlwaysRefresh":false,"showFog":true,"showSkybox":true,"showFlares":true,"showImageEffects":true,"showParticleSystems":true,"showVisualEffectGraphs":true,"m_FxEnabled":true},"in2DMode":false,"pivot":{"x":-0.7926689386367798,"y":-6.967751979827881,"z":11.120606422424317},"rotation":{"x":-0.3365113139152527,"y":-0.054482992738485339,"z":0.01950680837035179,"w":-0.9398996829986572},"size":10.832064628601075,"orthographic":false}