{"cameraMode":{"drawMode":0,"name":"Shaded","section":"Shading Mode"},"sceneLighting":true,"audioPlay":false,"sceneViewState":{"m_AlwaysRefresh":false,"showFog":true,"showSkybox":true,"showFlares":true,"showImageEffects":true,"showParticleSystems":true,"showVisualEffectGraphs":true,"m_FxEnabled":true},"in2DMode":false,"pivot":{"x":22.392370223999025,"y":-94.63575744628906,"z":-19.359594345092775},"rotation":{"x":0.7092247009277344,"y":-0.002116793068125844,"z":0.0021275558974593879,"w":0.7049812078475952},"size":71.03971862792969,"orthographic":true}